Zeit,Leistung_kW,Energie_kWh,Einstrahlung,Wetter,Inverter
2026-07-15 00:00,0,00,0,00,0,Nacht,OK
2026-07-15 00:15,0,00,0,00,0,Nacht,OK
2026-07-15 00:30,0,00,0,00,0,Nacht,OK
2026-07-15 00:45,0,00,0,00,0,Nacht,OK
2026-07-15 01:00,0,00,0,00,0,Nacht,OK
2026-07-15 01:15,0,00,0,00,0,Nacht,OK
2026-07-15 01:30,0,00,0,00,0,Nacht,OK
2026-07-15 01:45,0,00,0,00,0,Nacht,OK
2026-07-15 02:00,0,00,0,00,0,Nacht,OK
2026-07-15 02:15,0,00,0,00,0,Nacht,OK
2026-07-15 02:30,0,00,0,00,0,Nacht,OK
2026-07-15 02:45,0,00,0,00,0,Nacht,OK
2026-07-15 03:00,0,00,0,00,0,Nacht,OK
2026-07-15 03:15,0,00,0,00,0,Nacht,OK
2026-07-15 03:30,0,00,0,00,0,Nacht,OK
2026-07-15 03:45,0,00,0,00,0,Nacht,OK
2026-07-15 04:00,0,00,0,00,0,Nacht,OK
2026-07-15 04:15,0,00,0,00,0,Nacht,OK
2026-07-15 04:30,0,00,0,00,0,Nacht,OK
2026-07-15 04:45,0,00,0,00,0,Nacht,OK
2026-07-15 05:00,0,00,0,00,0,Nacht,OK
2026-07-15 05:15,0,00,0,00,0,Nacht,OK
2026-07-15 05:30,0,00,0,00,0,Nacht,OK
2026-07-15 05:45,0,00,0,00,0,Nacht,OK
2026-07-15 06:00,1,50,0,38,150,Bewoelkt,OK
2026-07-15 06:15,3,00,1,12,300,Sonnig,OK
2026-07-15 06:30,3,00,1,88,300,Sonnig,OK
2026-07-15 06:45,3,00,2,62,300,Sonnig,OK
2026-07-15 07:00,0,80,2,83,80,Regen,OK
2026-07-15 07:15,2,00,3,33,200,Bewoelkt,OK
2026-07-15 07:30,4,00,4,33,400,Sonnig,OK
2026-07-15 07:45,2,00,4,83,200,Bewoelkt,OK
2026-07-15 08:00,1,00,5,08,100,Regen,OK
2026-07-15 08:15,5,00,6,33,500,Sonnig,OK
2026-07-15 08:30,5,00,7,58,500,Sonnig,OK
2026-07-15 08:45,1,00,7,83,100,Regen,OK
2026-07-15 09:00,3,00,8,57,300,Bewoelkt,OK
2026-07-15 09:15,3,00,9,32,300,Bewoelkt,OK
2026-07-15 09:30,1,20,9,62,120,Regen,OK
2026-07-15 09:45,6,00,11,12,600,Sonnig,OK
2026-07-15 10:00,3,50,12,00,350,Bewoelkt,OK
2026-07-15 10:15,1,40,12,35,140,Regen,OK
2026-07-15 10:30,7,00,14,10,700,Sonnig,OK
2026-07-15 10:45,7,00,15,85,700,Sonnig,OK
2026-07-15 11:00,1,60,16,25,160,Regen,OK
2026-07-15 11:15,1,60,16,65,160,Regen,OK
2026-07-15 11:30,1,60,17,05,160,Regen,OK
2026-07-15 11:45,4,00,18,05,400,Bewoelkt,OK
2026-07-15 12:00,4,50,19,17,450,Bewoelkt,OK
2026-07-15 12:15,1,80,19,62,180,Regen,OK
2026-07-15 12:30,1,80,20,07,180,Regen,OK
2026-07-15 12:45,9,00,22,32,900,Sonnig,OK
2026-07-15 13:00,10,00,24,82,1000,Sonnig,OK
2026-07-15 13:15,2,00,25,32,200,Regen,OK
2026-07-15 13:30,5,00,26,57,500,Bewoelkt,OK
2026-07-15 13:45,5,00,27,82,500,Bewoelkt,OK
2026-07-15 14:00,9,00,30,07,900,Sonnig,OK
2026-07-15 14:15,1,80,30,52,180,Regen,OK
2026-07-15 14:30,9,00,32,77,900,Sonnig,OK
2026-07-15 14:45,1,80,33,22,180,Regen,OK
2026-07-15 15:00,1,60,33,62,160,Regen,OK
2026-07-15 15:15,4,00,34,62,400,Bewoelkt,OK
2026-07-15 15:30,8,00,36,62,800,Sonnig,OK
2026-07-15 15:45,4,00,37,62,400,Bewoelkt,OK
2026-07-15 16:00,7,00,39,37,700,Sonnig,OK
2026-07-15 16:15,7,00,41,12,700,Sonnig,OK
2026-07-15 16:30,1,40,41,47,140,Regen,OK
2026-07-15 16:45,1,40,41,82,140,Regen,OK
2026-07-15 17:00,6,00,43,32,600,Sonnig,OK
2026-07-15 17:15,3,00,44,07,300,Bewoelkt,OK
2026-07-15 17:30,6,00,45,57,600,Sonnig,OK
2026-07-15 17:45,1,20,45,87,120,Regen,OK
2026-07-15 18:00,2,50,46,50,250,Bewoelkt,OK
2026-07-15 18:15,2,50,47,12,250,Bewoelkt,OK
2026-07-15 18:30,1,00,47,37,100,Regen,OK
2026-07-15 18:45,2,50,48,00,250,Bewoelkt,OK
2026-07-15 19:00,4,00,49,00,400,Sonnig,OK
2026-07-15 19:15,4,00,50,00,400,Sonnig,OK
2026-07-15 19:30,2,00,50,50,200,Bewoelkt,OK
2026-07-15 19:45,2,00,51,00,200,Bewoelkt,OK
2026-07-15 20:00,1,50,51,37,150,Bewoelkt,OK
2026-07-15 20:15,0,60,51,52,60,Regen,OK
2026-07-15 20:30,0,60,51,67,60,Regen,OK
2026-07-15 20:45,1,50,52,05,150,Bewoelkt,OK
2026-07-15 21:00,0,00,52,05,0,Nacht,OK
2026-07-15 21:15,0,00,52,05,0,Nacht,OK
2026-07-15 21:30,0,00,52,05,0,Nacht,OK
2026-07-15 21:45,0,00,52,05,0,Nacht,OK
2026-07-15 22:00,0,00,52,05,0,Nacht,OK
2026-07-15 22:15,0,00,52,05,0,Nacht,OK
2026-07-15 22:30,0,00,52,05,0,Nacht,OK
2026-07-15 22:45,0,00,52,05,0,Nacht,OK
2026-07-15 23:00,0,00,52,05,0,Nacht,OK
2026-07-15 23:15,0,00,52,05,0,Nacht,OK
2026-07-15 23:30,0,00,52,05,0,Nacht,OK
2026-07-15 23:45,0,00,52,05,0,Nacht,OK
2026-07-16 00:00,0,00,52,05,0,Nacht,OK
